﻿transaction_date,customer_region,product_category,product_name,sales_amount,Month
8/23/2024,West,TV,Model Y,976,Aug-2024
6/29/2024,South,TV,Model Y,636,Jun-2024
10/25/2024,South,Phone,Model Y,722,Oct-2024
3/22/2024,West,Phone,Model X,726,Mar-2024
5/10/2024,East,Laptop,Model Z,1173,May-2024
11/22/2024,East,Phone,Model Z,650,Nov-2024
3/30/2024,South,Laptop,Model Y,1266,Mar-2024
12/30/2024,South,Laptop,Model Y,696,Dec-2024
10/3/2024,East,TV,Model X,1446,Oct-2024
6/10/2024,West,TV,Model Y,1127,Jun-2024
8/12/2024,South,TV,Model X,1124,Aug-2024
9/27/2024,East,Laptop,Model Y,636,Sep-2024
5/16/2024,West,Phone,Model Z,440,May-2024
9/15/2024,South,Phone,Model X,452,Sep-2024
3/4/2024,West,Phone,Model Y,205,Mar-2024
4/27/2024,North,Phone,Model X,468,Apr-2024
7/20/2024,South,Laptop,Model X,315,Jul-2024
2/9/2024,East,Laptop,Model Z,1369,Feb-2024
10/1/2024,North,Laptop,Model Z,714,Oct-2024
2/24/2024,East,Phone,Model Z,1381,Feb-2024
4/6/2024,South,Phone,Model Y,741,Apr-2024
3/31/2024,South,TV,Model X,558,Mar-2024
5/13/2024,North,Phone,Model Z,878,May-2024
6/14/2024,North,Laptop,Model Y,1379,Jun-2024
10/30/2024,East,TV,Model Z,448,Oct-2024
12/14/2024,West,Phone,Model X,1169,Dec-2024
9/15/2024,East,Phone,Model X,700,Sep-2024
1/10/2024,West,TV,Model Z,498,Jan-2024
2/27/2024,South,Phone,Model X,1471,Feb-2024
8/19/2024,North,Laptop,Model Y,418,Aug-2024
3/20/2024,West,Phone,Model X,290,Mar-2024
10/13/2024,North,Laptop,Model Y,990,Oct-2024
3/26/2024,South,Phone,Model X,596,Mar-2024
7/9/2024,South,Laptop,Model X,1182,Jul-2024
9/19/2024,East,Laptop,Model Y,1176,Sep-2024
2/20/2024,West,TV,Model Y,527,Feb-2024
2/29/2024,North,TV,Model Y,897,Feb-2024
12/25/2024,North,Phone,Model Z,642,Dec-2024
1/24/2024,South,Phone,Model X,571,Jan-2024
4/28/2024,South,TV,Model Y,759,Apr-2024
5/28/2024,East,Laptop,Model Y,1418,May-2024
9/19/2024,South,TV,Model Y,802,Sep-2024
3/7/2024,North,TV,Model X,648,Mar-2024
8/5/2024,South,Phone,Model X,638,Aug-2024
6/25/2024,North,Phone,Model Y,688,Jun-2024
11/27/2024,East,Phone,Model Y,1284,Nov-2024
1/13/2024,East,Laptop,Model Z,653,Jan-2024
3/16/2024,South,TV,Model Y,995,Mar-2024
3/28/2024,South,Laptop,Model Z,390,Mar-2024
10/30/2024,South,Laptop,Model X,654,Oct-2024
11/30/2024,West,Laptop,Model X,811,Nov-2024
2/29/2024,West,TV,Model Y,282,Feb-2024
10/5/2024,East,TV,Model Z,517,Oct-2024
11/28/2024,East,Laptop,Model X,1477,Nov-2024
9/8/2024,South,Phone,Model Z,987,Sep-2024
1/7/2024,North,Laptop,Model Z,701,Jan-2024
3/15/2024,West,Laptop,Model X,1202,Mar-2024
1/22/2024,East,Laptop,Model X,753,Jan-2024
2/29/2024,East,TV,Model Z,282,Feb-2024
4/26/2024,East,Phone,Model Y,386,Apr-2024
5/23/2024,East,TV,Model X,616,May-2024
7/8/2024,West,Phone,Model Y,797,Jul-2024
8/19/2024,East,TV,Model X,1425,Aug-2024
10/11/2024,South,Phone,Model Y,675,Oct-2024
2/28/2024,South,Laptop,Model Z,752,Feb-2024
1/24/2024,South,TV,Model Z,631,Jan-2024
6/30/2024,West,Laptop,Model X,1333,Jun-2024
2/13/2024,East,TV,Model X,832,Feb-2024
6/23/2024,East,Laptop,Model Z,1028,Jun-2024
6/23/2024,West,Laptop,Model X,613,Jun-2024
4/6/2024,North,Laptop,Model X,1223,Apr-2024
7/31/2024,South,TV,Model Y,600,Jul-2024
10/15/2024,East,TV,Model Y,1121,Oct-2024
2/18/2024,North,Phone,Model Z,1028,Feb-2024
11/1/2024,East,Laptop,Model X,940,Nov-2024
10/21/2024,West,Phone,Model Z,591,Oct-2024
6/2/2024,South,TV,Model Y,1088,Jun-2024
9/17/2024,West,Phone,Model Z,328,Sep-2024
10/5/2024,South,Laptop,Model Y,273,Oct-2024
5/27/2024,West,Laptop,Model Z,702,May-2024
8/22/2024,South,Laptop,Model Z,366,Aug-2024
3/21/2024,East,Laptop,Model X,900,Mar-2024
8/26/2024,West,Laptop,Model Y,925,Aug-2024
8/6/2024,North,Phone,Model Y,297,Aug-2024
7/25/2024,South,Phone,Model Y,596,Jul-2024
6/8/2024,West,Laptop,Model Z,567,Jun-2024
4/1/2024,East,Laptop,Model X,560,Apr-2024
7/1/2024,South,TV,Model Y,1353,Jul-2024
4/8/2024,West,Laptop,Model Z,1122,Apr-2024
3/3/2024,South,Phone,Model Z,1206,Mar-2024
8/1/2024,North,Phone,Model X,329,Aug-2024
12/30/2024,West,Laptop,Model X,1092,Dec-2024
3/31/2024,South,Phone,Model Y,1235,Mar-2024
9/13/2024,South,TV,Model Y,558,Sep-2024
9/13/2024,East,Phone,Model Z,458,Sep-2024
6/3/2024,East,Laptop,Model Z,585,Jun-2024
8/31/2024,South,Phone,Model X,1391,Aug-2024
1/25/2024,West,TV,Model Y,698,Jan-2024
2/12/2024,West,Laptop,Model Z,517,Feb-2024
10/6/2024,South,TV,Model X,408,Oct-2024
7/5/2024,East,Phone,Model Z,678,Jul-2024
4/21/2024,West,Phone,Model Z,1184,Apr-2024
7/20/2024,East,Laptop,Model Y,370,Jul-2024
9/13/2024,West,Phone,Model Y,1472,Sep-2024
1/4/2024,South,Phone,Model X,1080,Jan-2024
6/11/2024,West,Laptop,Model Z,938,Jun-2024
3/10/2024,East,Laptop,Model Z,1294,Mar-2024
11/13/2024,West,Phone,Model Y,672,Nov-2024
4/17/2024,North,Phone,Model X,822,Apr-2024
12/3/2024,West,Phone,Model Z,257,Dec-2024
1/29/2024,South,TV,Model Y,1168,Jan-2024
9/19/2024,South,Laptop,Model Y,1038,Sep-2024
2/27/2024,South,Phone,Model X,1439,Feb-2024
7/5/2024,East,Laptop,Model X,797,Jul-2024
12/12/2024,West,TV,Model Z,889,Dec-2024
3/1/2024,North,TV,Model Z,253,Mar-2024
9/28/2024,South,Phone,Model X,535,Sep-2024
7/11/2024,West,TV,Model X,609,Jul-2024
10/15/2024,East,TV,Model X,1262,Oct-2024
5/3/2024,West,Laptop,Model X,212,May-2024
4/22/2024,South,Phone,Model Y,304,Apr-2024
1/3/2024,North,Phone,Model Y,1102,Jan-2024
11/1/2024,West,Phone,Model X,827,Nov-2024
1/22/2024,East,Phone,Model Y,378,Jan-2024
5/4/2024,South,Laptop,Model Y,1440,May-2024
6/28/2024,South,Phone,Model Y,1097,Jun-2024
11/4/2024,South,Laptop,Model Z,803,Nov-2024
9/3/2024,South,Phone,Model X,203,Sep-2024
5/21/2024,North,TV,Model Z,1253,May-2024
2/18/2024,West,TV,Model Y,1132,Feb-2024
8/14/2024,North,Laptop,Model Z,722,Aug-2024
5/15/2024,East,Laptop,Model Z,1434,May-2024
1/29/2024,East,TV,Model Z,1293,Jan-2024
9/22/2024,North,Laptop,Model Y,373,Sep-2024
6/5/2024,South,Laptop,Model Z,282,Jun-2024
11/26/2024,South,Phone,Model X,232,Nov-2024
7/2/2024,South,TV,Model X,711,Jul-2024
8/14/2024,North,TV,Model Y,1251,Aug-2024
6/9/2024,East,Phone,Model Z,835,Jun-2024
11/6/2024,West,TV,Model Z,1491,Nov-2024
1/26/2024,South,TV,Model Y,525,Jan-2024
3/1/2024,North,TV,Model Z,586,Mar-2024
1/25/2024,West,TV,Model X,1047,Jan-2024
7/16/2024,West,Laptop,Model X,264,Jul-2024
8/1/2024,North,Laptop,Model Z,208,Aug-2024
6/9/2024,East,TV,Model Z,250,Jun-2024
12/14/2024,South,Phone,Model Y,1476,Dec-2024
4/17/2024,East,Laptop,Model Z,1413,Apr-2024
5/30/2024,West,TV,Model X,271,May-2024
12/6/2024,North,Laptop,Model X,703,Dec-2024
10/21/2024,East,TV,Model Y,916,Oct-2024
8/29/2024,East,TV,Model Z,808,Aug-2024
6/13/2024,West,TV,Model Y,1100,Jun-2024
4/14/2024,East,Phone,Model X,1091,Apr-2024
10/28/2024,West,TV,Model Z,1367,Oct-2024
1/19/2024,North,TV,Model Y,1175,Jan-2024
5/23/2024,South,TV,Model X,693,May-2024
6/25/2024,East,Phone,Model Z,1155,Jun-2024
7/21/2024,South,Laptop,Model X,1054,Jul-2024
1/2/2024,South,Laptop,Model X,1374,Jan-2024
6/12/2024,South,Phone,Model Y,280,Jun-2024
11/5/2024,East,Laptop,Model Y,1064,Nov-2024
10/13/2024,East,Phone,Model X,504,Oct-2024
2/14/2024,North,Laptop,Model Z,1104,Feb-2024
11/1/2024,North,Laptop,Model X,490,Nov-2024
4/13/2024,North,Laptop,Model Y,1220,Apr-2024
5/27/2024,North,TV,Model X,1044,May-2024
6/14/2024,East,Phone,Model X,1319,Jun-2024
3/3/2024,South,Phone,Model Z,1395,Mar-2024
10/6/2024,West,Phone,Model X,791,Oct-2024
11/23/2024,West,Laptop,Model Z,206,Nov-2024
6/25/2024,West,Phone,Model X,1454,Jun-2024
9/11/2024,North,Laptop,Model X,1247,Sep-2024
1/31/2024,East,Phone,Model X,1429,Jan-2024
8/22/2024,South,Phone,Model Y,911,Aug-2024
3/31/2024,West,TV,Model X,262,Mar-2024
3/4/2024,North,Phone,Model Y,958,Mar-2024
10/21/2024,South,TV,Model Z,618,Oct-2024
5/23/2024,South,Laptop,Model X,1487,May-2024
8/15/2024,West,TV,Model Z,1316,Aug-2024
1/18/2024,South,Laptop,Model X,1130,Jan-2024
8/7/2024,East,Laptop,Model X,645,Aug-2024
6/17/2024,South,TV,Model X,748,Jun-2024
2/12/2024,East,TV,Model X,445,Feb-2024
7/27/2024,South,Laptop,Model Z,1357,Jul-2024
3/21/2024,West,Laptop,Model Z,1490,Mar-2024
6/7/2024,East,Laptop,Model Y,864,Jun-2024
10/6/2024,South,Laptop,Model X,711,Oct-2024
6/4/2024,South,TV,Model Y,993,Jun-2024
11/4/2024,North,Phone,Model Z,806,Nov-2024
10/20/2024,West,TV,Model Z,1137,Oct-2024
11/2/2024,East,Phone,Model Y,918,Nov-2024
6/13/2024,East,Phone,Model Z,391,Jun-2024
3/23/2024,West,Laptop,Model Y,666,Mar-2024
7/20/2024,East,Laptop,Model X,695,Jul-2024
10/2/2024,West,TV,Model Y,1090,Oct-2024
8/27/2024,East,Phone,Model Y,1351,Aug-2024
12/22/2024,South,TV,Model Y,457,Dec-2024
5/7/2024,East,TV,Model X,597,May-2024
10/7/2024,South,Phone,Model X,259,Oct-2024
3/31/2024,South,Phone,Model Y,687,Mar-2024
4/29/2024,South,TV,Model Z,1081,Apr-2024
6/14/2024,North,Phone,Model X,1122,Jun-2024
5/27/2024,North,Phone,Model Y,379,May-2024
4/2/2024,North,Phone,Model Z,629,Apr-2024
10/5/2024,North,Laptop,Model Z,844,Oct-2024
11/6/2024,South,TV,Model Y,485,Nov-2024
3/16/2024,North,TV,Model X,1303,Mar-2024
2/14/2024,South,TV,Model Z,1322,Feb-2024
6/5/2024,East,Laptop,Model X,1103,Jun-2024
2/10/2024,North,TV,Model X,1306,Feb-2024
5/10/2024,East,Phone,Model Y,922,May-2024
4/11/2024,East,Laptop,Model Y,1210,Apr-2024
9/29/2024,North,TV,Model Y,465,Sep-2024
1/21/2024,West,Phone,Model Y,1484,Jan-2024
9/20/2024,South,TV,Model X,1409,Sep-2024
3/6/2024,East,TV,Model Z,375,Mar-2024
1/17/2024,West,Phone,Model Z,919,Jan-2024
10/3/2024,North,TV,Model X,1302,Oct-2024
5/3/2024,North,Phone,Model Y,1109,May-2024
2/5/2024,West,TV,Model Y,1113,Feb-2024
7/2/2024,East,Phone,Model X,697,Jul-2024
4/7/2024,North,Laptop,Model X,598,Apr-2024
3/7/2024,South,Laptop,Model X,1329,Mar-2024
1/27/2024,East,Laptop,Model Z,583,Jan-2024
9/16/2024,East,TV,Model Y,235,Sep-2024
2/18/2024,East,Laptop,Model X,861,Feb-2024
11/19/2024,East,TV,Model Z,1498,Nov-2024
5/11/2024,South,Phone,Model X,1361,May-2024
1/26/2024,East,Laptop,Model Y,972,Jan-2024
5/13/2024,North,Phone,Model Z,800,May-2024
6/12/2024,South,Phone,Model Z,228,Jun-2024
7/7/2024,North,Laptop,Model X,347,Jul-2024
8/29/2024,West,Laptop,Model Y,1072,Aug-2024
2/22/2024,West,TV,Model Y,457,Feb-2024
6/21/2024,East,TV,Model Z,1458,Jun-2024
10/8/2024,North,Laptop,Model Y,719,Oct-2024
10/8/2024,East,Laptop,Model X,541,Oct-2024
5/8/2024,East,TV,Model Y,417,May-2024
12/26/2024,West,TV,Model X,377,Dec-2024
3/30/2024,North,TV,Model Z,1068,Mar-2024
8/3/2024,South,Phone,Model X,753,Aug-2024
8/14/2024,North,Laptop,Model X,1413,Aug-2024
10/17/2024,West,Phone,Model X,549,Oct-2024
5/7/2024,East,TV,Model Z,882,May-2024
11/18/2024,East,Phone,Model X,1451,Nov-2024
10/17/2024,South,TV,Model X,1164,Oct-2024
7/26/2024,South,Phone,Model X,870,Jul-2024
3/4/2024,North,Laptop,Model X,775,Mar-2024
7/7/2024,South,TV,Model Z,907,Jul-2024
10/5/2024,South,TV,Model Y,1404,Oct-2024
2/19/2024,West,TV,Model X,457,Feb-2024
1/19/2024,West,Laptop,Model Z,1217,Jan-2024
11/14/2024,South,TV,Model X,786,Nov-2024
11/14/2024,West,Laptop,Model Z,1449,Nov-2024
9/29/2024,East,Laptop,Model X,1084,Sep-2024
5/27/2024,West,TV,Model Y,276,May-2024
2/8/2024,East,Phone,Model X,1356,Feb-2024
7/11/2024,South,TV,Model Z,1444,Jul-2024
9/12/2024,East,TV,Model Y,925,Sep-2024
2/6/2024,West,Phone,Model Z,922,Feb-2024
5/21/2024,East,TV,Model Y,1000,May-2024
3/1/2024,North,Laptop,Model X,1009,Mar-2024
2/12/2024,East,TV,Model X,879,Feb-2024
12/21/2024,East,Laptop,Model Z,1480,Dec-2024
6/12/2024,South,TV,Model X,820,Jun-2024
3/22/2024,North,Laptop,Model Y,587,Mar-2024
6/9/2024,South,TV,Model Y,1414,Jun-2024
2/15/2024,East,Laptop,Model Z,1376,Feb-2024
3/17/2024,East,TV,Model Z,735,Mar-2024
2/21/2024,West,Laptop,Model Z,694,Feb-2024
12/26/2024,East,Phone,Model X,527,Dec-2024
9/28/2024,West,Phone,Model Y,852,Sep-2024
8/1/2024,East,Phone,Model X,1366,Aug-2024
1/21/2024,West,Laptop,Model X,553,Jan-2024
4/2/2024,South,Laptop,Model Y,1123,Apr-2024
8/7/2024,East,TV,Model X,1436,Aug-2024
2/17/2024,East,TV,Model Y,588,Feb-2024
9/1/2024,North,Laptop,Model X,869,Sep-2024
10/20/2024,North,Laptop,Model Z,606,Oct-2024
5/27/2024,East,TV,Model Y,1343,May-2024
7/22/2024,South,Laptop,Model Z,593,Jul-2024
1/25/2024,South,TV,Model X,876,Jan-2024
1/9/2024,East,Laptop,Model Y,742,Jan-2024
10/3/2024,East,TV,Model X,1147,Oct-2024
10/31/2024,East,Laptop,Model X,1092,Oct-2024
4/18/2024,East,Phone,Model Y,591,Apr-2024
10/5/2024,West,TV,Model Z,1079,Oct-2024
4/20/2024,South,Phone,Model Z,1368,Apr-2024
9/26/2024,South,TV,Model Z,1452,Sep-2024
10/6/2024,South,Phone,Model Y,402,Oct-2024
4/6/2024,South,Phone,Model Z,1208,Apr-2024
5/16/2024,West,Laptop,Model X,1199,May-2024
9/3/2024,East,TV,Model Z,293,Sep-2024
6/28/2024,West,TV,Model X,862,Jun-2024
12/3/2024,West,TV,Model X,283,Dec-2024
8/30/2024,North,TV,Model Y,483,Aug-2024
1/29/2024,North,TV,Model Z,1113,Jan-2024
4/11/2024,South,Phone,Model X,572,Apr-2024
12/11/2024,South,TV,Model X,1240,Dec-2024
