incident_date,type,detected_by,response_time,resolution_status
2024-01-31 00:00:00,Data Breach,User,23.87,Resolved
2024-02-03 00:00:00,Unauthorized Access,User,6.75,Unresolved
2024-05-06 00:00:00,Malware,Firewall,5.7,Unresolved
2024-02-25 00:00:00,Malware,IDS,23.43,Resolved
2024-09-09 00:00:00,Phishing,IDS,22.99,Resolved
2024-12-19 00:00:00,Phishing,IDS,8.18,Unresolved
2024-12-16 00:00:00,Unauthorized Access,Firewall,22.79,Resolved
2024-08-21 00:00:00,Phishing,IDS,22.26,Unresolved
2024-03-16 00:00:00,Malware,Antivirus,20.93,Unresolved
2024-07-11 00:00:00,Phishing,Antivirus,11,Unresolved
2024-02-04 00:00:00,Data Breach,User,17.17,Unresolved
2024-04-07 00:00:00,Data Breach,Antivirus,14.63,Unresolved
2024-07-02 00:00:00,Unauthorized Access,User,22.37,Resolved
2024-11-16 00:00:00,Unauthorized Access,IDS,19.79,Unresolved
2024-04-27 00:00:00,Unauthorized Access,User,22.32,Resolved
2024-05-15 00:00:00,Unauthorized Access,IDS,4.02,Unresolved
2024-12-12 00:00:00,Phishing,User,22.26,Resolved
2024-05-18 00:00:00,Malware,Antivirus,1.84,Unresolved
2024-06-07 00:00:00,Malware,IDS,9.91,Unresolved
2024-12-30 00:00:00,Data Breach,Antivirus,6.89,Unresolved
2024-03-04 00:00:00,Unauthorized Access,User,22.23,Resolved
2024-08-02 00:00:00,Malware,Antivirus,21.41,Resolved
2024-12-17 00:00:00,Malware,Firewall,21.09,Resolved
2024-09-19 00:00:00,Malware,User,20.26,Resolved
2024-10-05 00:00:00,Malware,Antivirus,20.16,Resolved
2024-10-26 00:00:00,Phishing,User,20.06,Resolved
2024-12-15 00:00:00,Data Breach,IDS,15.85,Unresolved
2024-12-25 00:00:00,Data Breach,IDS,2.14,Unresolved
2024-07-30 00:00:00,Malware,IDS,22.53,Unresolved
2024-11-07 00:00:00,Data Breach,IDS,19.98,Resolved
2024-03-05 00:00:00,Malware,IDS,13.9,Unresolved
2024-04-17 00:00:00,Data Breach,Antivirus,19.92,Resolved
2024-06-25 00:00:00,Data Breach,Antivirus,19.78,Resolved
2024-01-22 00:00:00,Unauthorized Access,Antivirus,19.55,Resolved
2024-03-20 00:00:00,Data Breach,Antivirus,17.77,Unresolved
2024-06-16 00:00:00,Phishing,Firewall,10.37,Unresolved
2024-09-15 00:00:00,Malware,IDS,5.66,Unresolved
2024-03-14 00:00:00,Phishing,Firewall,19.24,Resolved
2024-05-25 00:00:00,Malware,User,19.19,Resolved
2024-02-09 00:00:00,Malware,Firewall,19.02,Resolved
2024-02-23 00:00:00,Unauthorized Access,User,20.04,Unresolved
2024-03-12 00:00:00,Unauthorized Access,Antivirus,18.9,Resolved
2024-11-08 00:00:00,Phishing,IDS,18.48,Resolved
2024-12-03 00:00:00,Malware,IDS,12.35,Unresolved
2024-09-02 00:00:00,Malware,IDS,18.72,Unresolved
2024-08-27 00:00:00,Phishing,IDS,17.9,Resolved
2024-08-17 00:00:00,Phishing,Firewall,14.92,Unresolved
2024-11-30 00:00:00,Phishing,IDS,1.75,Unresolved
2024-07-08 00:00:00,Unauthorized Access,IDS,8.67,Unresolved
2024-09-05 00:00:00,Phishing,Antivirus,17.47,Resolved
2024-02-07 00:00:00,Phishing,User,17.21,Resolved
2024-06-24 00:00:00,Phishing,Antivirus,22.2,Unresolved
2024-02-23 00:00:00,Phishing,User,17.16,Resolved
2024-08-14 00:00:00,Malware,IDS,4.85,Unresolved
2024-08-31 00:00:00,Malware,User,17.1,Resolved
2024-06-16 00:00:00,Data Breach,Antivirus,17.08,Resolved
2024-10-01 00:00:00,Unauthorized Access,IDS,16.92,Resolved
2024-08-11 00:00:00,Phishing,Firewall,12.48,Unresolved
2024-01-22 00:00:00,Data Breach,IDS,16.9,Resolved
2024-09-24 00:00:00,Malware,User,19.73,Unresolved
2024-09-02 00:00:00,Unauthorized Access,Firewall,16.57,Resolved
2024-04-16 00:00:00,Data Breach,Firewall,7.01,Unresolved
2024-06-18 00:00:00,Malware,Firewall,16.49,Resolved
2024-07-04 00:00:00,Phishing,Firewall,16.38,Resolved
2024-06-19 00:00:00,Phishing,IDS,20.83,Unresolved
2024-11-19 00:00:00,Unauthorized Access,User,15.63,Unresolved
2024-02-11 00:00:00,Malware,Antivirus,10.89,Unresolved
2024-01-12 00:00:00,Malware,User,15.32,Unresolved
2024-02-18 00:00:00,Unauthorized Access,User,16.37,Resolved
2024-04-24 00:00:00,Data Breach,User,15.91,Resolved
2024-09-13 00:00:00,Unauthorized Access,Firewall,15.47,Resolved
2024-02-28 00:00:00,Malware,User,15.33,Resolved
2024-11-05 00:00:00,Unauthorized Access,Antivirus,21.37,Unresolved
2024-07-25 00:00:00,Unauthorized Access,Antivirus,14.62,Unresolved
2024-11-28 00:00:00,Data Breach,Antivirus,3.96,Unresolved
2024-05-22 00:00:00,Phishing,Antivirus,14.7,Resolved
2024-10-31 00:00:00,Unauthorized Access,Antivirus,14.67,Resolved
2024-05-27 00:00:00,Unauthorized Access,User,14.31,Resolved
2024-03-02 00:00:00,Malware,IDS,14.3,Resolved
2024-12-05 00:00:00,Unauthorized Access,Antivirus,14.19,Resolved
2024-05-19 00:00:00,Malware,IDS,17.11,Unresolved
2024-11-17 00:00:00,Malware,Antivirus,14.15,Resolved
2024-11-02 00:00:00,Data Breach,IDS,14.05,Resolved
2024-06-21 00:00:00,Phishing,Firewall,13.7,Resolved
2024-05-05 00:00:00,Data Breach,Firewall,13.18,Resolved
2024-05-06 00:00:00,Malware,User,12.41,Unresolved
2024-04-29 00:00:00,Malware,User,16.22,Unresolved
2024-07-29 00:00:00,Unauthorized Access,Antivirus,13.13,Resolved
2024-10-05 00:00:00,Malware,Antivirus,7,Unresolved
2024-07-29 00:00:00,Unauthorized Access,IDS,12.99,Resolved
2024-06-08 00:00:00,Phishing,IDS,18.69,Unresolved
2024-10-16 00:00:00,Unauthorized Access,User,23.04,Unresolved
2024-12-27 00:00:00,Malware,Antivirus,12.34,Resolved
2024-08-30 00:00:00,Phishing,User,12.23,Resolved
2024-12-14 00:00:00,Phishing,User,14.19,Unresolved
2024-01-24 00:00:00,Unauthorized Access,Firewall,16.94,Unresolved
2024-02-05 00:00:00,Phishing,Firewall,11.95,Resolved
2024-04-11 00:00:00,Data Breach,Firewall,11.31,Resolved
2024-01-15 00:00:00,Phishing,Firewall,8.78,Unresolved
2024-07-12 00:00:00,Phishing,User,20.78,Unresolved
2024-11-07 00:00:00,Malware,Antivirus,11.28,Resolved
2024-02-23 00:00:00,Phishing,User,10.84,Resolved
2024-06-06 00:00:00,Malware,Firewall,10.79,Resolved
2024-02-17 00:00:00,Unauthorized Access,Firewall,10.61,Resolved
2024-07-22 00:00:00,Data Breach,User,10.56,Resolved
2024-09-18 00:00:00,Data Breach,IDS,10.18,Resolved
2024-11-20 00:00:00,Unauthorized Access,IDS,10.04,Resolved
2024-11-30 00:00:00,Phishing,IDS,9.57,Resolved
2024-09-03 00:00:00,Malware,User,9.48,Resolved
2024-01-17 00:00:00,Unauthorized Access,Firewall,9.45,Resolved
2024-01-02 00:00:00,Data Breach,Firewall,9.44,Resolved
2024-08-06 00:00:00,Unauthorized Access,User,9.39,Resolved
2024-12-17 00:00:00,Phishing,Antivirus,9.17,Resolved
2024-06-26 00:00:00,Unauthorized Access,IDS,9.01,Resolved
2024-05-22 00:00:00,Data Breach,IDS,8.91,Resolved
2024-08-24 00:00:00,Data Breach,User,19.31,Unresolved
2024-11-04 00:00:00,Malware,User,8.88,Resolved
2024-08-21 00:00:00,Data Breach,User,4.47,Unresolved
2024-01-15 00:00:00,Unauthorized Access,User,8.34,Unresolved
2024-11-03 00:00:00,Unauthorized Access,IDS,15.56,Unresolved
2024-09-07 00:00:00,Data Breach,IDS,8.77,Resolved
2024-12-09 00:00:00,Phishing,Firewall,2.36,Unresolved
2024-09-11 00:00:00,Data Breach,Firewall,23.91,Unresolved
2024-08-07 00:00:00,Malware,Firewall,20.15,Unresolved
2024-11-27 00:00:00,Malware,User,8.74,Resolved
2024-05-05 00:00:00,Data Breach,IDS,22.49,Unresolved
2024-04-10 00:00:00,Data Breach,Antivirus,8.61,Resolved
2024-07-17 00:00:00,Unauthorized Access,User,15.99,Unresolved
2024-10-16 00:00:00,Unauthorized Access,User,4.65,Unresolved
2024-12-19 00:00:00,Data Breach,User,2.18,Unresolved
2024-10-20 00:00:00,Data Breach,IDS,13.41,Unresolved
2024-11-26 00:00:00,Malware,Antivirus,3.07,Unresolved
2024-05-31 00:00:00,Malware,User,8.34,Resolved
2024-10-09 00:00:00,Unauthorized Access,IDS,5.69,Unresolved
2024-06-02 00:00:00,Unauthorized Access,User,23.25,Unresolved
2024-12-03 00:00:00,Unauthorized Access,Firewall,8.3,Resolved
2024-05-26 00:00:00,Data Breach,Antivirus,8.11,Resolved
2024-05-31 00:00:00,Malware,Firewall,8.02,Resolved
2024-12-15 00:00:00,Malware,IDS,8.02,Resolved
2024-09-02 00:00:00,Phishing,Firewall,1.53,Unresolved
2024-04-01 00:00:00,Phishing,User,7.58,Resolved
2024-04-10 00:00:00,Malware,Antivirus,2.87,Unresolved
2024-11-06 00:00:00,Phishing,Antivirus,7.29,Resolved
2024-08-18 00:00:00,Data Breach,Firewall,7.1,Resolved
2024-04-22 00:00:00,Data Breach,Firewall,20.13,Unresolved
2024-01-16 00:00:00,Phishing,User,12.13,Unresolved
2024-04-27 00:00:00,Unauthorized Access,Firewall,7.09,Resolved
2024-04-14 00:00:00,Unauthorized Access,IDS,11.13,Unresolved
2024-04-05 00:00:00,Phishing,Antivirus,7.04,Resolved
2024-04-22 00:00:00,Phishing,Antivirus,6.59,Resolved
2024-10-08 00:00:00,Data Breach,Firewall,6.45,Resolved
2024-10-20 00:00:00,Data Breach,Antivirus,6.08,Resolved
2024-05-26 00:00:00,Unauthorized Access,User,12.99,Unresolved
2024-08-11 00:00:00,Unauthorized Access,Firewall,5.81,Resolved
2024-02-18 00:00:00,Data Breach,IDS,5.71,Resolved
2024-05-04 00:00:00,Malware,Firewall,5.56,Resolved
2024-01-09 00:00:00,Phishing,Firewall,4.14,Unresolved
2024-01-22 00:00:00,Data Breach,Antivirus,16.68,Unresolved
2024-05-21 00:00:00,Data Breach,Firewall,14.16,Unresolved
2024-08-10 00:00:00,Data Breach,Antivirus,4.85,Resolved
2024-05-27 00:00:00,Malware,User,13.51,Unresolved
2024-02-07 00:00:00,Unauthorized Access,Antivirus,4.43,Resolved
2024-03-15 00:00:00,Data Breach,Firewall,4.42,Resolved
2024-01-17 00:00:00,Phishing,User,13.2,Unresolved
2024-05-24 00:00:00,Malware,Antivirus,16.29,Unresolved
2024-10-22 00:00:00,Malware,User,4.35,Resolved
2024-08-07 00:00:00,Phishing,IDS,3.67,Unresolved
2024-05-26 00:00:00,Phishing,Firewall,6.58,Unresolved
2024-05-07 00:00:00,Malware,IDS,4.35,Resolved
2024-11-19 00:00:00,Data Breach,Antivirus,8.62,Unresolved
2024-09-28 00:00:00,Data Breach,Antivirus,12.06,Unresolved
2024-10-07 00:00:00,Phishing,User,4.27,Resolved
2024-03-09 00:00:00,Malware,Firewall,3.66,Resolved
2024-06-22 00:00:00,Malware,User,7.83,Unresolved
2024-08-04 00:00:00,Unauthorized Access,Firewall,3.57,Resolved
2024-03-23 00:00:00,Data Breach,Antivirus,3.56,Resolved
2024-10-08 00:00:00,Phishing,Antivirus,3.52,Resolved
2024-02-10 00:00:00,Malware,Antivirus,3.46,Resolved
2024-07-21 00:00:00,Phishing,User,14.02,Unresolved
2024-03-08 00:00:00,Phishing,Antivirus,3.45,Resolved
2024-01-26 00:00:00,Unauthorized Access,Firewall,3.01,Resolved
2024-09-01 00:00:00,Malware,Firewall,1.1,Unresolved
2024-11-01 00:00:00,Unauthorized Access,IDS,2.67,Resolved
2024-07-02 00:00:00,Unauthorized Access,Antivirus,2.64,Resolved
2024-09-25 00:00:00,Unauthorized Access,Firewall,2.61,Resolved
2024-04-09 00:00:00,Unauthorized Access,Firewall,6.5,Unresolved
2024-10-02 00:00:00,Phishing,Antivirus,2.45,Resolved
2024-11-03 00:00:00,Unauthorized Access,Antivirus,2.17,Resolved
2024-08-27 00:00:00,Malware,IDS,2.48,Unresolved
2024-12-25 00:00:00,Unauthorized Access,IDS,2.08,Resolved
2024-03-31 00:00:00,Malware,IDS,1.52,Resolved
2024-09-18 00:00:00,Malware,Firewall,1.4,Resolved
2024-08-02 00:00:00,Phishing,Antivirus,2.85,Unresolved
2024-12-20 00:00:00,Unauthorized Access,IDS,14.69,Unresolved
2024-11-17 00:00:00,Phishing,Firewall,3.88,Unresolved
2024-05-24 00:00:00,Malware,Firewall,16.9,Unresolved
2024-11-20 00:00:00,Unauthorized Access,User,21.23,Unresolved
2024-03-18 00:00:00,Phishing,IDS,1.22,Resolved
2024-09-21 00:00:00,Malware,Firewall,1.08,Resolved
2024-05-06 00:00:00,Data Breach,Antivirus,1,Resolved
